<?xml version="1.0" encoding="UTF-8"?>
<project-private xmlns="http://www.netbeans.org/ns/project-private/1">
    <editor-bookmarks xmlns="http://www.netbeans.org/ns/editor-bookmarks/2" lastBookmarkId="0"/>
    <open-files xmlns="http://www.netbeans.org/ns/projectui-open-files/2">
        <group>
            <file>file:/C:/Users/giao-lang/Desktop/_code.truong.lang/2021.Summer/SWT301.SE1501/DIDemo/src/com/fu/di/util/Filter.java</file>
            <file>file:/C:/Users/giao-lang/Desktop/_code.truong.lang/2021.Summer/SWT301.SE1501/DIDemo/src/com/fu/di/dao/FilterBySE.java</file>
            <file>file:/C:/Users/giao-lang/Desktop/_code.truong.lang/2021.Summer/SWT301.SE1501/DIDemo/src/com/fu/di/dto/Student.java</file>
            <file>file:/C:/Users/giao-lang/Desktop/_code.truong.lang/2021.Summer/SWT301.SE1501/DIDemo/src/com/fu/di/dao/StudentManager.java</file>
            <file>file:/C:/Users/giao-lang/Desktop/_code.truong.lang/2021.Summer/SWT301.SE1501/DIDemo/src/didemo/DIDemo.java</file>
        </group>
    </open-files>
</project-private>
