<?xml version="1.0" encoding="UTF-8"?>
<project-private xmlns="http://www.netbeans.org/ns/project-private/1">
    <editor-bookmarks xmlns="http://www.netbeans.org/ns/editor-bookmarks/2" lastBookmarkId="0"/>
    <open-files xmlns="http://www.netbeans.org/ns/projectui-open-files/2">
        <group>
            <file>file:/C:/Users/giao-lang/Desktop/_code.truong.lang/2021.Summer/PRO192.SE1526/Session06-Inheritance/CraftsmanV2/src/data/Rectangle.java</file>
            <file>file:/C:/Users/giao-lang/Desktop/_code.truong.lang/2021.Summer/PRO192.SE1526/Session06-Inheritance/CraftsmanV2/src/data/Square.java</file>
            <file>file:/C:/Users/giao-lang/Desktop/_code.truong.lang/2021.Summer/PRO192.SE1526/Session06-Inheritance/CraftsmanV2/src/craftsman/Craftsman.java</file>
            <file>file:/C:/Users/giao-lang/Desktop/_code.truong.lang/2021.Summer/PRO192.SE1526/Session06-Inheritance/CraftsmanV2/src/data/Disk.java</file>
        </group>
    </open-files>
</project-private>
