<?xml version="1.0" encoding="UTF-8"?>
<project-private xmlns="http://www.netbeans.org/ns/project-private/1">
    <editor-bookmarks xmlns="http://www.netbeans.org/ns/editor-bookmarks/2" lastBookmarkId="1">
        <file>
            <url>src/com/fu/didemo/util/Filter.java</url>
            <bookmark id="1">
                <name/>
                <line>38</line>
                <key/>
            </bookmark>
        </file>
    </editor-bookmarks>
    <open-files xmlns="http://www.netbeans.org/ns/projectui-open-files/2">
        <group>
            <file>file:/C:/Users/giao-lang/Desktop/_code.truong.lang/2021.Summer/SWT301.SE02D/DIDemo/src/com/fu/didemo/dao/FilterBySE.java</file>
            <file>file:/C:/Users/giao-lang/Desktop/_code.truong.lang/2021.Summer/SWT301.SE02D/DIDemo/src/com/fu/didemo/util/Filter.java</file>
            <file>file:/C:/Users/giao-lang/Desktop/_code.truong.lang/2021.Summer/SWT301.SE02D/DIDemo/src/com/fu/didemo/dao/StudentManager.java</file>
            <file>file:/C:/Users/giao-lang/Desktop/_code.truong.lang/2021.Summer/SWT301.SE02D/DIDemo/src/didemo/DIDemo.java</file>
            <file>file:/C:/Users/giao-lang/Desktop/_code.truong.lang/2021.Summer/SWT301.SE02D/DIDemo/src/com/fu/didemo/dto/Student.java</file>
        </group>
    </open-files>
</project-private>
